Model,vggface2_test_avg_rmse
MobileNet_fp32,0.019538559979279318
MobileNetV2_fp32,0.02440160440439857
MobileNet_int8,0.021696325485567103
MobileNetV2_int8,0.030700416963985278
